

insert into customer(id,password,username, first_name, last_name, email, area_code, user_role,  city, customer_guild)
values (1000,'$2a$10$nKebUWIHJaCdO1zxGjtWQ.B36ofA9yNRJ1NJFHW5rsXO5vkE/Mvhu','Stephan','Stephan', 'Elshot', 'selshot@gmail.com', '1946AL','GUILDER','Beverwijk','SALES');
insert into customer(id,password, username,first_name, last_name, email, area_code,  user_role, city, customer_guild )
values (2000,'$2a$10$nKebUWIHJaCdO1zxGjtWQ.B36ofA9yNRJ1NJFHW5rsXO5vkE/Mvhu','Susanne','Susanne', 'Bijwaard', 'susannebijwaard@yahoo.com', '1946AL','GUILDER', 'Beverwijk','SALES');
insert into customer(id, password, username, first_name, last_name, email, area_code,user_role,  city)
values (3000,'$2a$10$nKebUWIHJaCdO1zxGjtWQ.B36ofA9yNRJ1NJFHW5rsXO5vkE/Mvhu','Michel','Michel', 'Lalmohamed', 'mlalmohamed@gmail.com', '1946AL','CUSTOMER','Beverwijk');
insert into customer(id, password,username, first_name, last_name, email, area_code,  user_role, city, customer_guild )
values (4000,'$2a$10$nKebUWIHJaCdO1zxGjtWQ.B36ofA9yNRJ1NJFHW5rsXO5vkE/Mvhu','Zhara','Zhara', 'Lalmohamed', 'susannebijwaard@yahoo.com', '1946AL', 'GUILDER', 'Beverwijk', 'FOOD');
insert into customer(id, password,username,first_name, last_name, email, area_code, user_role,  city,customer_guild)
values (5000,'$2a$10$nKebUWIHJaCdO1zxGjtWQ.B36ofA9yNRJ1NJFHW5rsXO5vkE/Mvhu','Giel','Giel', 'Bijwaard', 'giel@gmail.com', '1946AL','GUILDER','Beverwijk','FINANCE');
insert into customer(id,password,username,first_name, last_name, email, area_code,  user_role, city, customer_guild )
values (6000,'$2a$10$nKebUWIHJaCdO1zxGjtWQ.B36ofA9yNRJ1NJFHW5rsXO5vkE/Mvhu','Miquel','Miquel', 'Elshot', 'miquelio@yahoo.com', '1066SP', 'GUILDER', 'Amsterdam', 'CONSTRUCTION');
insert into customer(id,password,username,first_name, last_name, email, area_code,  user_role, city, customer_guild )
values (7000,'$2a$10$nKebUWIHJaCdO1zxGjtWQ.B36ofA9yNRJ1NJFHW5rsXO5vkE/Mvhu','Guno','Guno', 'Elshot', 'guno@yahoo.com', '1066SP', 'GUILDER', 'Amsterdam', 'LEISURE');
insert into customer(id,password,username,first_name, last_name, email, area_code, user_role, city, customer_guild )
values (8000,'$2a$10$nKebUWIHJaCdO1zxGjtWQ.B36ofA9yNRJ1NJFHW5rsXO5vkE/Mvhu','Miles','Miles', 'Elshot', 'Miles@yahoo.com', '1946AL', 'GUILDER', 'Amsterdam', 'SPORT');
insert into customer(id,password,username,first_name, last_name, email, area_code,  user_role, city, customer_guild )
values (9000,'$2a$10$nKebUWIHJaCdO1zxGjtWQ.B36ofA9yNRJ1NJFHW5rsXO5vkE/Mvhu','Julian','Julian', 'Elshot', 'julian@yahoo.com', '1946AL', 'GUILDER', 'Beverwijk', 'CREATIVE_DESIGN');
insert into customer(id,password,username,first_name, last_name, email, area_code,  user_role, city, customer_guild )
values (10000,'$2a$10$nKebUWIHJaCdO1zxGjtWQ.B36ofA9yNRJ1NJFHW5rsXO5vkE/Mvhu','Doris','Doris', 'Komproe', 'Doris@yahoo.com', '1066SP', 'GUILDER', 'Amsterdam', 'HEALTHCARE');
insert into customer(id,password,username,first_name, last_name, email, area_code, user_role, city, customer_guild )
values (11000,'$2a$10$nKebUWIHJaCdO1zxGjtWQ.B36ofA9yNRJ1NJFHW5rsXO5vkE/Mvhu','Atie','Atie', 'Bijwaard', 'atie@yahoo.com', '1946AL', 'GUILDER', 'Amsterdam', 'SECURITY');
-- --
-- --
-- --
-- --
-- --
-- -- insert into items(name, price, description, number,count, item_type)
-- -- values ('Music lesson 01', 1200, 'Beginnner music lesson', 03,1, 'SERVICE');
-- -- insert into items(name, price, description, number,count, item_type)
-- -- values ('Music performance', 2300, 'Musical performance for 30 minutes', 04,1, 'SERVICE');
-- --
-- --
-- -- insert into invoice_items(invoice_id,items_id)
-- -- values ( '3','1');
-- --
-- --
-- -- insert into invoice_items(invoice_id,items_id)
-- -- values ( '4','2');
-- --
-- -- insert into invoice_items(invoice_id,items_id)
-- -- values ( '3','2');
-- --
-- --
-- --
-- --
-- -- -- CUSTOMERS CLASS
-- -- -- guilders
-- -- -- insert into customer(first_name, last_name, email_adress, area_code, password, enabled, user_role, city, guild)
-- -- -- values ('Stephan', 'Elshot', 'selshot@gmail.com', '1946AL',
-- -- --         '$2y$12$wk21e6ujREi09GvzYHO98OMVS2lmS0fiynwgJu2hVi7p54pGDWXgu',
-- -- --         TRUE, 'GUILDER', 'Beverwijk', 'Baker');
-- -- --
-- -- -- insert into customer(first_name, last_name, email_adress, area_code, password, enabled, user_role, city, guild)
-- -- -- values ('Bill', 'Withers', 'whatisheandwhoishetoyou@gmail.com', '1946AL',
-- -- --         '$2y$12$wk21e6ujREi09GvzYHO98OMVS2lmS0fiynwgJu2hVi7p54pGDWXgu',
-- -- --         TRUE, 'GUILDER', 'Beverwijk', 'Music');
-- --
-- --
-- -- -- -- PRODUCT
insert into items(name, price, description, number, count, item_type, customer_id)
values ('Air Jordan I High Strap Just Don BHM - 2015', 10000, 'The shoes featured the 2015 edition of Nike’s Black History Month graphic print with black lining and gold tipped laces and gold buckle on the ankle strap.', 01, 2, 'PRODUCT', 1000);

insert into items(name, price, description, number, count, item_type, customer_id)
values ('Air Jordan XI 25th Anniversary with Jumpman', 11000, 'To celebrate the 25th anniversary of the first Air Jordan released in 1985, Nike released a special edition of the Air Jordan XI', 02, 10, 'PRODUCT', 1000);
-- --
insert into items(name, price, description, number, count, item_type, customer_id)
values ('Nike x MSCHF Air Max 97 Jesus Shoes –  Walk On Water', 4000, 't turns out walking on water is indeed possible.', 01, 2, 'PRODUCT', 1000);
--
insert into items(name, price, description, number, count, item_type, customer_id)
values ('Nike Yeezy 2 Red October', 7500, 'Before Kanye West signed to adidas, the legendary Yeezy shoes used to be released under Nike.', 02, 10, 'PRODUCT', 1000);

insert into items(name, price, description, number, count, item_type, customer_id)
values ('Chanel x Pharrell x adidas NMD Hu', 10000, 'Most of the Pharrell x adidas NMD Human Race collaboration fetched a high resell price.', 01, 2, 'PRODUCT',1000);

insert into items(name, price, description, number, count, item_type, customer_id)
values ('DJ Khaled x Air Jordan 3 ‘Grateful', 25000, 'When DJ Khaled released his album Grateful, his collaboration with Jordan – a pair of Air Jordan 3´s called “Grateful” also came out.', 02, 10, 'PRODUCT', 1000);


insert into items(name, price, description, number, count, item_type, customer_id)
values ('Macklemore x Air Jordan 6 Cactus', 25000, 'Looking for these at a thrift shop would be completely futile. Why?', 01, 2, 'PRODUCT',1000);

insert into items(name, price, description, number, count, item_type, customer_id)
values ('Nike Air Mag Back to the Future 2016', 25000, 'One of recent year´s most famous sneakers – owned by, for example, the Slovakian rapper Rytmus.', 02, 10, 'PRODUCT', 1000);
-- --
-- -- -- service
-- --
-- insert into items(name, price, description, number,count, item_type, customer_id)
-- values ('Music lesson 01', 1200, 'Beginnner music lesson', 03,5, 'SERVICE', 7);
--
-- insert into items(name, price, description, number,count, item_type, customer_id)
-- values ('Music performance', 2300, 'Musical performance for 30 minutes', 04,51, 'SERVICE', 7);
-- --
--
-- --
-- --
-- --
-- -- Newly created items
insert into items(name, price, description, number, count, item_type, customer_id)
values ('Millionaire shortbread', 15, 'Flat cake (30x30 cm) - containing dough, chocolate and caramel', 1, 1, 'PRODUCT',4000);

insert into items(name, price, description, number, count, item_type, customer_id)
values ('Red velvet cake', 20, 'Cake (30x30 cm) - containing cream cheese, whipped cream and icing', 1, 1, 'PRODUCT',4000);

insert into items(name, price, description, number, count, item_type, customer_id)
values ('Apple pie', 20, 'Pie (30x30 cm) - composed out of apples, dough, sugar and cinnamon', 1, 1, 'PRODUCT',4000);
--
insert into items(name, price, description, number, count, item_type, customer_id)
values ('Mortgage advice', 1500, 'Giving thorough advice on mortgage matters', 1, 1, 'SERVICE',5000);

insert into items(name, price, description, number, count, item_type, customer_id)
values ('Bookkeeping / Accountancy report', 900, 'Creating a full bookkeeping report for customers/companies with a yield less then 10K', 1, 1, 'SERVICE', 5000);

insert into items(name, price, description, number, count, item_type, customer_id)
values ('Tax return report', 900, 'Creating a full tax return report for individual customers', 1, 1, 'SERVICE', 5000);

insert into items(name, price, description, number, count, item_type, customer_id)
values ('Replace lock', 300, 'Replacing front door locks', 1, 1, 'SERVICE', 6000);

insert into items(name, price, description, number, count, item_type, customer_id)
values ('Table', 900, 'Creating a custom made table - at the wishes of the customer', 1, 1, 'PRODUCT', 6000);

insert into items(name, price, description, number, count, item_type, customer_id)
values ('Gutter repair', 700, 'Fixing gutter connections', 1, 1, 'SERVICE', 6000);

insert into items(name, price, description, number, count, item_type, customer_id)
values ('Plumbing repair', 300, 'Fixing plumbing connections', 1, 1, 'SERVICE', 6000);

insert into items(name, price, description, number, count, item_type, customer_id)
values ('Clown hire (children party)', 100, 'Party clown performance for 90 minutes', 1, 1, 'SERVICE', 7000);

insert into items(name, price, description, number, count, item_type, customer_id)
values ('Event planning', 600, 'Creating a planning and invoice for a party', 1, 1, 'SERVICE', 7000);

insert into items(name, price, description, number, count, item_type, customer_id)
values ('Soccer skill training', 30, 'Individual soccer skill training for 60 minutes', 1, 1, 'SERVICE', 8000);

insert into items(name, price, description, number, count, item_type, customer_id)
values ('Basketball skill training', 20, 'Individual basketbal skill training for 60 minute', 1, 1, 'SERVICE', 8000);

insert into items(name, price, description, number, count, item_type, customer_id)
values ('Soccer clinic', 1000, 'private soccer team-clinic 3x 60 minutes', 1, 1, 'SERVICE', 8000);

insert into items(name, price, description, number, count, item_type, customer_id)
values ('Architectural sketch design', 1500, 'Analysis of programme of requirements(demands of client) and spatial representation in sketch-form', 1, 1, 'SERVICE', 9000);

insert into items(name, price, description, number, count, item_type, customer_id)
values ('Architectural preliminary design', 2500, 'Advancement of the sketch-design, containing specific space-reservations', 1, 1, 'SERVICE', 9000);

insert into items(name, price, description, number, count, item_type, customer_id)
values ('Architectural scale model 1:1000', 1500, 'Scale model (1:1000) of building with a max size of an A2', 1, 1, 'SERVICE', 9000);

insert into items(name, price, description, number, count, item_type, customer_id)
values ('Architectural scale model 1:500', 3000, 'Scale model (1:500) of building with a max size of an A1', 1, 1, 'SERVICE', 9000);

insert into items(name, price, description, number, count, item_type, customer_id)
values ('Architectural scale model 1:200', 6000, 'Scale model (1:200) of building with a max size of an A0', 1, 1, 'SERVICE', 9000);

insert into items(name, price, description, number, count, item_type, customer_id)
values ('Dental cleaning', 500, 'Dental cleaning for 60 minutes (polishing included)', 1, 1, 'SERVICE', 10000);

insert into items(name, price, description, number, count, item_type, customer_id)
values ('Cleaning instruction', 50, 'Dental cleaning instruction for 30 minutes', 1, 1, 'SERVICE', 10000);


insert into items(name, price, description, number, count, item_type, customer_id)
values ('private security 1', 500, 'Private security protection for 24 hours', 1, 1, 'SERVICE', 11000);

insert into items(name, price, description, number, count, item_type, customer_id)
values ('private security 2', 2000, 'Private security protection for one week', 1, 1, 'SERVICE', 11000);

insert into items(name, price, description, number, count, item_type, customer_id)
values ('private security 3', 3000, 'Private security protection for party smaller than 100 persons', 1, 1, 'SERVICE', 11000);

insert into items(name, price, description, number, count, item_type, customer_id)
values ('private security 4', 6000, 'Private security protection for party bigger than 100 persons (max 300 persons)', 1, 1, 'SERVICE', 11000);
-- --
-- --
-- --
-- --
--
insert into invoice(customer_id, description)
values (3000, 'Guilder items: SALES');
insert into invoice(customer_id,description)
values (2000, 'Guilder items:FOOD');
insert into invoice(customer_id,description)
values (2000, 'Guilder items:FOOD');
--

-- --
-- -- -- -- messages
insert into messages(title, body_text,customer_id)
values ('Yes it worked!','A confirmation of this relationship is modeled correctly',3000);
-- insert into messages(title, body_text,customer_id)
-- values ('Did it Work?','A check of this relationship is modeled correctly',1000);
-- insert into messages(title, body_text,customer_id)
-- values ('Yes it worked!','A confirmation of this relationship is modeled correctly',3000);

-- INVOICE
insert into invoice(customer_id, description)
values (1000, 'Guilder items: SALES');
insert into invoice(customer_id,description)
values (2000, 'Guilder items:FOOD');
insert into invoice(customer_id,description)
values (2000, 'Guilder items:FOOD');

INSERT INTO role(name) VALUES('ROLE_USER');
INSERT INTO role(name) VALUES('ROLE_MODERATOR');
INSERT INTO role(name) VALUES('ROLE_ADMIN');

-- insert into items_on_invoice(amount,item_id, invoice_id)
-- values (3,3,1);